fetch_timestamp,id,date_posted,company,position,tags,tag_count,location,salary_min,salary_max,apply_url
2026-07-22T11:52:30.287760+00:00,1135144,2026-07-21T11:16:03+00:00,Portal Vagas Terceiro Setor,Lideran횄짠a de Produtos Educacionais ASSOCIA횄혝횄혘O CACTUS SP ou CE,,0,"Agudos, ",0,0,https://remoteOK.com/remote-jobs/remote-lideranca-de-produtos-educacionais-associacao-cactus-sp-ou-ce-portal-vagas-terceiro-setor-1135144
2026-07-22T11:52:30.287760+00:00,1135151,2026-07-21T10:46:22+00:00,Wipro,Iceberg Open Source,infosec; technical; customer support; ops; design; digital nomad,6,"Bengaluru, ",0,0,https://remoteOK.com/remote-jobs/remote-iceberg-open-source-wipro-1135151
2026-07-22T11:52:30.287760+00:00,1135158,2026-07-21T10:32:41+00:00,NEW VINE LIMITED,VACANCIES,,0,"Grimsby, ",0,0,https://remoteOK.com/remote-jobs/remote-vacancies-new-vine-limited-1135158
2026-07-22T11:52:30.287760+00:00,1135147,2026-07-21T09:39:14+00:00,Creams Cafe,Brand Manager,exec; design; c; content writing; marketing; recruiter; ecommerce; digital nomad; ops; sales,10,"Greater London, Greater London, England, United Kingdom",0,0,https://remoteOK.com/remote-jobs/remote-brand-manager-creams-cafe-1135147
2026-07-22T11:52:30.287760+00:00,1135152,2026-07-21T09:18:32+00:00,ClassiKam,Back Office Staff,infosec; technical; customer support; ops; design; digital nomad; hr; travel; exec,9,"Chittoor, ",0,0,https://remoteOK.com/remote-jobs/remote-back-office-staff-classikam-1135152
2026-07-22T11:52:30.287760+00:00,1135146,2026-07-21T08:08:44+00:00,Peas Recruitment Ltd,Brand &amp; Marketing Director,exec; design; c; content writing; marketing; recruiter; ecommerce; digital nomad,8,"London Area, London Area, United Kingdom",0,0,https://remoteOK.com/remote-jobs/remote-brand-amp-marketing-director-peas-recruitment-ltd-1135146
2026-07-22T11:52:30.287760+00:00,1135165,2026-07-21T06:03:24+00:00,NORR,Designer Residential,design; designer; dev; marketing; education; photoshop; engineer; digital nomad,8,"Edmonton, Edmonton, Alberta, Canada",0,0,https://remoteOK.com/remote-jobs/remote-designer-residential-norr-1135165
2026-07-22T11:52:30.287760+00:00,1135131,2026-07-21T05:13:20+00:00,Better Rehab,sdgsdg,,0,"Mount Hawthorn, ",0,0,https://remoteOK.com/remote-jobs/remote-sdgsdg-better-rehab-1135131
2026-07-22T11:52:30.287760+00:00,1135133,2026-07-21T04:03:19+00:00,DraftKings Inc.,Customer Experience Specialist,education; game dev; recruiter; customer support; testing; microsoft; ops; stats; full time; non tech,10,"Massachusetts, Massachusetts, United States",0,0,https://remoteOK.com/remote-jobs/remote-customer-experience-specialist-draftkings-inc-1135133
2026-07-22T11:52:30.287760+00:00,1135132,2026-07-21T03:10:39+00:00,Rede D'Or,Auxiliar de Relacionamento Cirurgias Corporativo SP,excel; non tech,2,"S횄짙o Paulo, ",0,0,https://remoteOK.com/remote-jobs/remote-auxiliar-de-relacionamento-cirurgias-corporativo-sp-rede-dor-1135132
2026-07-22T11:52:30.287760+00:00,1135137,2026-07-21T03:05:29+00:00,Hakatemia,Insta,infosec; technical; customer support; ops,4,"Jonai, ",0,0,https://remoteOK.com/remote-jobs/remote-insta-hakatemia-1135137
2026-07-22T11:52:30.287760+00:00,1135148,2026-07-21T03:05:24+00:00,Hakatemia,Nixu,infosec; technical; customer support; ops,4,"Jonai, ",0,0,https://remoteOK.com/remote-jobs/remote-nixu-hakatemia-1135148
2026-07-22T11:52:30.287760+00:00,1135136,2026-07-21T03:05:10+00:00,Hakatemia,ACCENTURE,infosec; technical; customer support; ops,4,"Jonai, ",0,0,https://remoteOK.com/remote-jobs/remote-accenture-hakatemia-1135136
2026-07-22T11:52:30.287760+00:00,1135142,2026-07-21T02:32:47+00:00,StackAmplify,Rippling,infosec; technical; customer support; ops; testing; exec; video; golang; hr; sys admin; payroll; api; admin; mobile; android; stats; legal; full time; dev; design; finance; microsoft; sales; recruiter; digital nomad,25,"Anupgarh, ",0,0,https://remoteOK.com/remote-jobs/remote-rippling-stackamplify-1135142
2026-07-22T11:52:30.287760+00:00,1135124,2026-07-20T23:33:09+00:00,"Suzuki Garphyttan Wire 챦쩌혞Suzhou챦쩌혟 Co., Ltd           챕혫혘챈혵짢책혡혻챈혲짰챔혚쩐챕혪짖채쨍혶챦쩌혞챔혢혧책쨌혷챦쩌혟챈혵혟챕혲혨책혚짭책혧쨍",Leeds,technical; recruiter,2,"Wideopen, ",0,0,https://remoteOK.com/remote-jobs/remote-leeds-suzuki-garphyttan-wire-suzhou-co-ltd-1135124
2026-07-22T11:52:30.287760+00:00,1135129,2026-07-20T23:14:28+00:00,Bizee,Head of People,design; customer support; video; exec; content writing; digital nomad; saas; hr; sys admin; marketing; payroll; education; ops; legal; medical,15,"Houston, Houston, Texas, United States",0,0,https://remoteOK.com/remote-jobs/remote-head-of-people-bizee-1135129
2026-07-22T11:52:30.287760+00:00,1135130,2026-07-20T23:13:18+00:00,Jacobs,Testing Recommendation Step,testing; design; infosec; education; customer support; ops; medical; recruiter; digital nomad,9,"Anchorage, ",0,0,https://remoteOK.com/remote-jobs/remote-testing-recommendation-step-jacobs-1135130
2026-07-22T11:52:30.287760+00:00,1135143,2026-07-20T22:39:44+00:00,Klick,Freelance Creative Operations Coordinator,design; sys admin; consulting; coordinator; customer support; exec; education; senior; ops; medical; recruiter; digital nomad,12,"Toronto, Toronto, Ontario, Canada",0,0,https://remoteOK.com/remote-jobs/remote-freelance-creative-operations-coordinator-klick-1135143
2026-07-22T11:52:30.287760+00:00,1135113,2026-07-20T22:02:08+00:00,MantraCare,Dietician,product manager; exec; dev; digital nomad; part time,5,,0,0,https://remoteOK.com/remote-jobs/remote-dietician-mantracare-1135113
2026-07-22T11:52:30.287760+00:00,1135112,2026-07-20T22:00:50+00:00,360Dialog,Product Manager,product manager; exec; dev; digital nomad,4,,0,0,https://remoteOK.com/remote-jobs/remote-product-manager-360dialog-1135112
2026-07-22T11:52:30.287760+00:00,1135120,2026-07-20T21:22:54+00:00,The Construction Index Ltd,Handyman,exec; content writing; ops; sales; engineer; full time,6,"Weymouth, ",0,0,https://remoteOK.com/remote-jobs/remote-handyman-the-construction-index-ltd-1135120
2026-07-22T11:52:30.287760+00:00,1135119,2026-07-20T21:00:20+00:00,Freestar,Dream Job,exec; content writing; ops; sales; engineer; full time,6,"Canada, ",0,0,https://remoteOK.com/remote-jobs/remote-dream-job-freestar-1135119
2026-07-22T11:52:30.287760+00:00,1135109,2026-07-20T20:09:48+00:00,Wheeler Staffing Partners,Human Resources Generalist,design; education; designer; adult; exec; photoshop; illustrator; digital nomad; hr; consulting; customer support; accounting; payroll; finance; microsoft; ops; excel; medical,18,,0,0,https://remoteOK.com/remote-jobs/remote-human-resources-generalist-wheeler-staffing-partners-1135109
2026-07-22T11:52:30.287760+00:00,1135128,2026-07-20T19:11:46+00:00,Control Shift Video,Freelance Video Editer,design; customer support; video; exec; content writing; digital nomad,6,"Texas, ",0,0,https://remoteOK.com/remote-jobs/remote-freelance-video-editer-control-shift-video-1135128
2026-07-22T11:52:30.287760+00:00,1135110,2026-07-20T19:11:44+00:00,Control Shift Video,Freelance Illustrator,design; education; designer; adult; exec; photoshop; illustrator; digital nomad; hr; consulting; customer support; accounting; payroll; finance; microsoft; ops; excel; medical; technical; web dev; video; content writing,22,"Texas, ",0,0,https://remoteOK.com/remote-jobs/remote-freelance-illustrator-control-shift-video-1135110
2026-07-22T11:52:30.287760+00:00,1135125,2026-07-20T17:55:06+00:00,Universia Brasil,Programa de Est횄징gio Banco B3,,0,"S횄짙o Paulo, S횄짙o Paulo, S횄짙o Paulo, Brasil",0,0,https://remoteOK.com/remote-jobs/remote-programa-de-estagio-banco-b3-universia-brasil-1135125
2026-07-22T11:52:30.287760+00:00,1135104,2026-07-20T17:08:01+00:00,YO HR Consultancy,Logistics & Supply Chain Management Expert,hr; consulting; exec,3,,0,0,https://remoteOK.com/remote-jobs/remote-logistics-supply-chain-management-expert-yo-hr-consultancy-1135104
2026-07-22T11:52:30.287760+00:00,1135105,2026-07-20T16:43:06+00:00,Aecon Group Inc.,General Labour,education; customer support; exec; ops,4,"Christ Church, ",0,0,https://remoteOK.com/remote-jobs/remote-general-labour-aecon-group-inc-1135105
2026-07-22T11:52:30.287760+00:00,1135106,2026-07-20T16:43:06+00:00,Aecon Group Inc.,Storekeeper,education; customer support; exec; ops; supervisor; microsoft; excel,7,"Speightstown, ",0,0,https://remoteOK.com/remote-jobs/remote-storekeeper-aecon-group-inc-1135106
2026-07-22T11:52:30.287760+00:00,1135108,2026-07-20T15:43:34+00:00,TechHuman,Finance &amp; HR Specialist,design; education; designer; adult; exec; photoshop; illustrator; digital nomad; hr; consulting; customer support; accounting; payroll; finance; microsoft; ops; excel; medical,18,"San Antonio, San Antonio, Texas Metropolitan Area",0,0,https://remoteOK.com/remote-jobs/remote-finance-amp-hr-specialist-techhuman-1135108
2026-07-22T11:52:30.287760+00:00,1135172,2026-07-20T15:32:45+00:00,Grail Talent,Creator Manager,consulting; exec; marketing; design; designer; customer support; content writing; photoshop; ads; illustrator; digital nomad; virtual assistant; travel; finance; senior; engineer; amazon; music; dev; video; stats; sales,22,"Greater London, Greater London, England, United Kingdom",0,0,https://remoteOK.com/remote-jobs/remote-creator-manager-grail-talent-1135172
2026-07-22T11:52:30.287760+00:00,1135116,2026-07-20T15:17:52+00:00,Hic,Social Media Content Creator,product manager; exec; dev; digital nomad; part time; design; saas; infosec; marketing; finance; scheme; bus dev; sales; medical; shopify; speech; content writing; golang; social media,19,"Milano, Milano, Lombardia, Italia",0,0,https://remoteOK.com/remote-jobs/remote-social-media-content-creator-hic-1135116
2026-07-22T11:52:30.287760+00:00,1135102,2026-07-20T14:08:24+00:00,"DBOS, Inc.",Don't see an open position you'd like fill,python; java; postgres; typescript; golang,5,"Cambridge, ",0,0,https://remoteOK.com/remote-jobs/remote-dont-see-an-open-position-youd-like-fill-dbos-inc-1135102
2026-07-22T11:52:30.287760+00:00,1135134,2026-07-20T14:02:37+00:00,CHANEL,Head of Marketing Fragrance &amp; Beauty,education; game dev; recruiter; customer support; testing; microsoft; ops; stats; full time; non tech; technical; marketing; travel; speech; finance; exec; sales; medical; internship,19,"New York, ",0,0,https://remoteOK.com/remote-jobs/remote-head-of-marketing-fragrance-amp-beauty-chanel-1135134
2026-07-22T11:52:30.287760+00:00,1135114,2026-07-20T13:52:38+00:00,Universidad Europea,Docente Doctor a Online en Investigaci횄쨀n Educativa,product manager; exec; dev; digital nomad; part time,5,"Villaviciosa de Od횄쨀n, ",0,0,https://remoteOK.com/remote-jobs/remote-docente-doctor-a-online-en-investigacion-educativa-universidad-europea-1135114
2026-07-22T11:52:30.287760+00:00,1135107,2026-07-20T10:49:53+00:00,Simon and Schuster Books,Designer,design; education; designer; adult; exec; photoshop; illustrator; digital nomad,8,"New York, ",0,0,https://remoteOK.com/remote-jobs/remote-designer-simon-and-schuster-books-1135107
2026-07-22T11:52:30.287760+00:00,1135183,2026-07-20T08:20:02+00:00,Re Lytics HR,Customer Support,sys admin; customer support; exec; education; marketing; sales; medical; virtual assistant; design; testing; travel; php; microsoft; content writing; ops; digital nomad; hr; technical,18,"횠짠횢혙횢혚횠짱횢혡횢혛횠짤, 횠짠횢혙횢혚횠짱횢혡횢혛횠짤 횠짠횢혙횢혚횠짱횢혡횢혛횠짤 횠짠횢혙횠쨀횠쨔횢혞횠짱횢혡횠짤",0,0,https://remoteOK.com/remote-jobs/remote-customer-support-re-lytics-hr-1135183
2026-07-22T11:52:30.287760+00:00,1135111,2026-07-20T08:19:30+00:00,Re Lytics HR,Entry Level Administrative Assistant,hr; virtual assistant; education; customer support; marketing; video; microsoft; exec; ops; excel,10,"횠짠횢혙횢혚횠짱횢혡횢혛횠짤, 횠짠횢혙횢혚횠짱횢혡횢혛횠짤 횠짠횢혙횢혚횠짱횢혡횢혛횠짤 횠짠횢혙횠쨀횠쨔횢혞횠짱횢혡횠짤",0,0,https://remoteOK.com/remote-jobs/remote-entry-level-administrative-assistant-re-lytics-hr-1135111
2026-07-22T11:52:30.287760+00:00,1135138,2026-07-20T07:32:35+00:00,Expeditors,Test ABC,infosec; technical; customer support; ops; testing; exec,6,"챕혶혪책짼혴, ",0,0,https://remoteOK.com/remote-jobs/remote-test-abc-expeditors-1135138
2026-07-22T11:52:30.287760+00:00,1135121,2026-07-20T06:59:33+00:00,Kennflik,I will create chrome extension for you,exec; content writing; ops; sales; engineer; full time; marketing,7,"Moor, ",0,0,https://remoteOK.com/remote-jobs/remote-i-will-create-chrome-extension-for-you-kennflik-1135121
2026-07-22T11:52:30.287760+00:00,1135117,2026-07-20T06:07:25+00:00,iPiD,Sales Director Europe,product manager; exec; dev; digital nomad; part time; design; saas; infosec; marketing; finance; scheme; bus dev; sales; medical; shopify; speech; content writing; golang; social media; hr; swift; technical; testing; c; api; microsoft; senior; engineer; recruiter,29,"Madrid, Madrid, Comunidad de Madrid, Espa횄짹a",0,0,https://remoteOK.com/remote-jobs/remote-sales-director-europe-ipid-1135117
2026-07-22T11:52:30.287760+00:00,1135122,2026-07-20T06:04:28+00:00,Mr Pape,MyBuilder,exec; content writing; ops; sales; engineer; full time; marketing; music; customer support; video,10,"Penzance, ",0,0,https://remoteOK.com/remote-jobs/remote-mybuilder-mr-pape-1135122
2026-07-22T11:52:30.287760+00:00,1135140,2026-07-20T06:03:25+00:00,Mr Pape,Freenow,infosec; technical; customer support; ops; testing; exec; video; golang,8,"Tilhar, ",0,0,https://remoteOK.com/remote-jobs/remote-freenow-mr-pape-1135140
2026-07-22T11:52:30.287760+00:00,1135083,2026-07-20T06:02:48+00:00,Mr Pape,Papaya,music; customer support; video; non tech,4,"Swing Bridge, ",0,0,https://remoteOK.com/remote-jobs/remote-papaya-mr-pape-1135083
2026-07-22T11:52:30.287760+00:00,1135082,2026-07-20T06:02:43+00:00,Mr Pape,Uber Eats,music; customer support; video; non tech,4,"Luck Enough, ",0,0,https://remoteOK.com/remote-jobs/remote-uber-eats-mr-pape-1135082
2026-07-22T11:52:30.287760+00:00,1135139,2026-07-20T06:02:22+00:00,Mr Pape,KFC,infosec; technical; customer support; ops; testing; exec; video; golang,8,"Kalka, ",0,0,https://remoteOK.com/remote-jobs/remote-kfc-mr-pape-1135139
2026-07-22T11:52:30.287760+00:00,1135185,2026-07-20T03:47:47+00:00,Glints,Project Management Officer,sys admin; customer support; exec; education; marketing; sales; medical; virtual assistant; design; testing; travel; php; microsoft; content writing; ops; digital nomad; hr; technical; project manager; dev,20,"Jakarta Raya, Jakarta Raya, Indonesia",0,0,https://remoteOK.com/remote-jobs/remote-project-management-officer-glints-1135185
2026-07-22T11:52:30.287760+00:00,1135101,2026-07-20T02:50:42+00:00,Hibernis,Open sollicitatie,,0,"Content, ",0,0,https://remoteOK.com/remote-jobs/remote-open-sollicitatie-hibernis-1135101
2026-07-22T11:52:30.287760+00:00,1135153,2026-07-20T00:37:11+00:00,"STAFFEASE, INC.",Manufacturing,infosec; technical; customer support; ops; design; digital nomad; hr; travel; exec; golang,10,"Malerkotla, ",0,0,https://remoteOK.com/remote-jobs/remote-manufacturing-staffease-inc-1135153
2026-07-22T11:52:30.287760+00:00,1135077,2026-07-20T00:12:33+00:00,Superl횄쨀gica Tecnologias,Analista Cobran횄짠a Jr Remoto,,0,"Brasil, ",0,0,https://remoteOK.com/remote-jobs/remote-analista-cobranca-jr-remoto-superlogica-tecnologias-1135077
2026-07-22T11:52:30.287760+00:00,1135076,2026-07-20T00:12:17+00:00,Kodland,Representante de Vendas Educacionais,,0,"Brasil, ",0,0,https://remoteOK.com/remote-jobs/remote-representante-de-vendas-educacionais-kodland-1135076
2026-07-22T11:52:30.287760+00:00,1135156,2026-07-20T00:00:00+00:00,City of Santa Fe Springs,Cashier,sys admin; accounting; education; non tech,4,"St Thomas, ",0,0,https://remoteOK.com/remote-jobs/remote-cashier-city-of-santa-fe-springs-1135156
2026-07-22T11:52:30.287760+00:00,1135069,2026-07-19T22:00:14+00:00,"Buyers Edge Platform, LLC",Data Mapping Analyst,analyst; dev; exec; ops; stats; sys admin; digital nomad,7,,0,0,https://remoteOK.com/remote-jobs/remote-data-mapping-analyst-buyers-edge-platform-llc-1135069
2026-07-22T11:52:30.287760+00:00,1135067,2026-07-19T20:09:45+00:00,Billings Family YMCA,Night Cleaning Crew,ops; exec,2,"Good Night, ",0,0,https://remoteOK.com/remote-jobs/remote-night-cleaning-crew-billings-family-ymca-1135067
2026-07-22T11:52:30.287760+00:00,1135063,2026-07-19T19:02:18+00:00,Skinnify,HR Manager Fast Growing E Commerce Startup,hr; exec; ecommerce,3,,0,0,https://remoteOK.com/remote-jobs/remote-hr-manager-fast-growing-e-commerce-startup-skinnify-1135063
2026-07-22T11:52:30.287760+00:00,1135061,2026-07-19T16:00:03+00:00,Prime Intellect,Applied AI Product Strategy & Revenue Lead,sys admin; education; full stack; exec; technical; customer support; dev; finance; legal; sales; golang; engineer; digital nomad,13,San Francisco,0,0,https://remoteOK.com/remote-jobs/remote-applied-ai-product-strategy-revenue-lead-prime-intellect-1135061
2026-07-22T11:52:30.287760+00:00,1135060,2026-07-19T15:08:39+00:00,Buzzmonitor,Closer SaaS B2B,saas,1,"Brasil, ",0,0,https://remoteOK.com/remote-jobs/remote-closer-saas-b2b-buzzmonitor-1135060
2026-07-22T11:52:30.287760+00:00,1135059,2026-07-19T15:02:04+00:00,Bling,Analista Comercial Jr I Vendas & Relacionamento,,0,"Brasil, ",0,0,https://remoteOK.com/remote-jobs/remote-analista-comercial-jr-i-vendas-relacionamento-bling-1135059
2026-07-22T11:52:30.287760+00:00,1135064,2026-07-19T13:46:56+00:00,Uber,Safety Investigation Specialist II,recruiter; legal; full time; non tech,4,"Visakhapatnam Rural mandal, ",0,0,https://remoteOK.com/remote-jobs/remote-safety-investigation-specialist-ii-uber-1135064
2026-07-22T11:52:30.287760+00:00,1135157,2026-07-19T13:22:30+00:00,TSC Travels,Job 5,,0,"Cambridge, ",0,0,https://remoteOK.com/remote-jobs/remote-job-5-tsc-travels-1135157
2026-07-22T11:52:30.287760+00:00,1135159,2026-07-19T13:22:26+00:00,TSC Travels,Job 4,,0,"London, ",0,0,https://remoteOK.com/remote-jobs/remote-job-4-tsc-travels-1135159
2026-07-22T11:52:30.287760+00:00,1135054,2026-07-19T11:07:46+00:00,Kodland,Consultor Comercial,,0,"Brasil, ",0,0,https://remoteOK.com/remote-jobs/remote-consultor-comercial-kodland-1135054
2026-07-22T11:52:30.287760+00:00,1135073,2026-07-19T08:37:11+00:00,JobsInMass.com,Data Entry Assistant,data entry; education; customer support; dev; marketing; travel; microsoft; exec; excel; recruiter; full time; part time; digital nomad; infosec; admin; virtual assistant,16,"Beverly, ",0,0,https://remoteOK.com/remote-jobs/remote-data-entry-assistant-jobsinmass-com-1135073
2026-07-22T11:52:30.287760+00:00,1135071,2026-07-19T08:37:06+00:00,JobsInMass.com,Entry Level Data Entry Clerk Admin,data entry; education; customer support; dev; marketing; travel; microsoft; exec; excel; recruiter; full time; part time; digital nomad; infosec; admin,15,"Beverly, ",0,0,https://remoteOK.com/remote-jobs/remote-entry-level-data-entry-clerk-admin-jobsinmass-com-1135071
2026-07-22T11:52:30.287760+00:00,1135074,2026-07-19T08:37:00+00:00,JobsInMass.com,Virtual Data Entry Clerk,data entry; education; customer support; dev; marketing; travel; microsoft; exec; excel; recruiter; full time; part time; digital nomad; infosec; admin; virtual assistant,16,"Beverly, ",0,0,https://remoteOK.com/remote-jobs/remote-virtual-data-entry-clerk-jobsinmass-com-1135074
2026-07-22T11:52:30.287760+00:00,1135072,2026-07-19T08:36:59+00:00,JobsInMass.com,Entry Level Data Entry Clerk,data entry; education; customer support; dev; marketing; travel; microsoft; exec; excel; recruiter; full time; part time; digital nomad; infosec; admin,15,"Beverly, ",0,0,https://remoteOK.com/remote-jobs/remote-entry-level-data-entry-clerk-jobsinmass-com-1135072
2026-07-22T11:52:30.287760+00:00,1135070,2026-07-19T08:36:00+00:00,JobsInMass.com,Data Entry Typist,data entry; education; customer support; dev; marketing; travel; microsoft; exec; excel; recruiter; full time; part time; digital nomad,13,"Beverly, ",0,0,https://remoteOK.com/remote-jobs/remote-data-entry-typist-jobsinmass-com-1135070
2026-07-22T11:52:30.287760+00:00,1135062,2026-07-19T06:52:29+00:00,Alloy,Pitch us a role,dev; cloud; digital nomad,3,"Greater Sydney Area, ",0,0,https://remoteOK.com/remote-jobs/remote-pitch-us-a-role-alloy-1135062
2026-07-22T11:52:30.287760+00:00,1135041,2026-07-19T03:08:05+00:00,Somewhere,SU Administrative Assistant,virtual assistant; full time,2,"Philippines, ",0,0,https://remoteOK.com/remote-jobs/remote-su-administrative-assistant-somewhere-1135041
2026-07-22T11:52:30.287760+00:00,1135127,2026-07-19T01:04:39+00:00,Partner Service,Asesor de Atenci횄쨀n al Cliente Remoto Sueldo Fijo Variable Capacitaci횄쨀n pagadas,excel; non tech,2,"Santa Anita, Santa Anita, Per횄쨘",0,0,https://remoteOK.com/remote-jobs/remote-asesor-de-atencion-al-cliente-remoto-sueldo-fijo-variable-capacitacion-pagadas-partner-service-1135127
2026-07-22T11:52:30.287760+00:00,1135040,2026-07-19T00:58:56+00:00,Majer Unternehmens-Gruppe,Details,,0,"Jarretville, ",0,0,https://remoteOK.com/remote-jobs/remote-details-majer-unternehmens-gruppe-1135040
2026-07-22T11:52:30.287760+00:00,1135046,2026-07-18T21:27:25+00:00,DOSED,Graphic Designer,design; game dev; designer; content writing; photoshop; full time; digital nomad,7,"Time, ",0,0,https://remoteOK.com/remote-jobs/remote-graphic-designer-dosed-1135046
2026-07-22T11:52:30.287760+00:00,1135164,2026-07-18T20:22:25+00:00,Affinity Revenue Cycle Management Solutions,&lt;Job Position&gt,payroll; hr; sys admin; education; exec; technical; customer support; dev; marketing; accounting; finance; ops; excel; legal; sales; medical; digital nomad,17,"Support, ",0,0,https://remoteOK.com/remote-jobs/remote-ltjob-positiongt-affinity-revenue-cycle-management-solutions-1135164
2026-07-22T11:52:30.287760+00:00,1135048,2026-07-18T19:39:50+00:00,HireTalentt,Shafqat,customer support; exec,2,"Mohammadbazar, ",0,0,https://remoteOK.com/remote-jobs/remote-shafqat-hiretalentt-1135048
2026-07-22T11:52:30.287760+00:00,1135042,2026-07-18T18:42:01+00:00,Dade Medical College-Hialeah,Administrative Specialist,customer support; travel; microsoft; exec; ops; excel,6,"Florida, Florida, United States",0,0,https://remoteOK.com/remote-jobs/remote-administrative-specialist-dade-medical-college-hialeah-1135042
2026-07-22T11:52:30.287760+00:00,1135035,2026-07-18T17:27:57+00:00,Flash Free Lancer,OJALA,,0,"Evansville, ",0,0,https://remoteOK.com/remote-jobs/remote-ojala-flash-free-lancer-1135035
2026-07-22T11:52:30.287760+00:00,1135065,2026-07-18T14:23:34+00:00,Allied Packaging Corporation,MANUFACTURING POSITIONS,recruiter; legal; full time; non tech,4,"Malerkotla, ",0,0,https://remoteOK.com/remote-jobs/remote-manufacturing-positions-allied-packaging-corporation-1135065
2026-07-22T11:52:30.287760+00:00,1135032,2026-07-18T10:30:03+00:00,Grey Sim Learnings Foundation,Placement Officer,project manager; exec; technical; designer; testing; full time,6,"Guwahati, ",0,0,https://remoteOK.com/remote-jobs/remote-placement-officer-grey-sim-learnings-foundation-1135032
2026-07-22T11:52:30.287760+00:00,1135017,2026-07-18T10:27:53+00:00,LOTHIAN BUSES LIMITED,Job Summary,engineer,1,"Livingston, ",0,0,https://remoteOK.com/remote-jobs/remote-job-summary-lothian-buses-limited-1135017
2026-07-22T11:52:30.287760+00:00,1135029,2026-07-18T10:20:26+00:00,PeopleLink Collaboration Inc.,Technical Specialist,project manager; exec; technical,3,"Bhopal, ",0,0,https://remoteOK.com/remote-jobs/remote-technical-specialist-peoplelink-collaboration-inc-1135029
2026-07-22T11:52:30.287760+00:00,1135025,2026-07-18T09:56:25+00:00,INFUSE,Presentation Designer,game dev; microsoft; full time; marketing; sales; non tech; design; infosec; education; designer; dev; testing; web dev; exec; video; photoshop; excel; recruiter; illustrator; digital nomad,20,"Warszawa, Warszawa, Woj. Mazowieckie, Polska",0,0,https://remoteOK.com/remote-jobs/remote-presentation-designer-infuse-1135025
2026-07-22T11:52:30.287760+00:00,1135019,2026-07-18T09:08:18+00:00,White Peak Digital,Expression Of Interest,engineer,1,"High Peak, ",0,0,https://remoteOK.com/remote-jobs/remote-expression-of-interest-white-peak-digital-1135019
2026-07-22T11:52:30.287760+00:00,1135014,2026-07-18T08:05:08+00:00,HelpBnk,React Native Engineer,dev; react native; mobile; iOS; android,5,,60000,80000,https://remoteOK.com/remote-jobs/remote-react-native-engineer-helpbnk-1135014
2026-07-22T11:52:30.287760+00:00,1135037,2026-07-18T07:39:34+00:00,BuscarVagas - Empregos Brasil,Operador de Portaria Remota Recife PE Profissionais Solicitados,microsoft; excel; non tech,3,"Recife, Recife, Pernambuco, Brasil",0,0,https://remoteOK.com/remote-jobs/remote-operador-de-portaria-remota-recife-pe-profissionais-solicitados-buscarvagas-empregos-brasil-1135037
2026-07-22T11:52:30.287760+00:00,1135030,2026-07-18T07:24:14+00:00,RideTEGO,Designer,project manager; exec; technical; designer; testing,5,"Haridwar, ",0,0,https://remoteOK.com/remote-jobs/remote-designer-ridetego-1135030
2026-07-22T11:52:30.287760+00:00,1135043,2026-07-18T05:47:15+00:00,RG&amp;T Solutions,HR Generalist,customer support; travel; microsoft; exec; ops; excel; hr; recruiter,8,"Portland, ",0,0,https://remoteOK.com/remote-jobs/remote-hr-generalist-rgampt-solutions-1135043
2026-07-22T11:52:30.287760+00:00,1135015,2026-07-18T04:43:23+00:00,ARStrat,Patient Scheduler,sys admin; supervisor; customer support; testing; finance; education; microsoft; exec; ops; golang; medical; full time,12,"Greater Houston, ",0,0,https://remoteOK.com/remote-jobs/remote-patient-scheduler-arstrat-1135015
2026-07-22T11:52:30.287760+00:00,1135010,2026-07-18T02:30:32+00:00,Adani Skills &amp; Education,Contribute Building a Secure Nation,finance; non tech; infosec; education; content writing; recruiter,6,"Defence Colony, ",0,0,https://remoteOK.com/remote-jobs/remote-contribute-building-a-secure-nation-adani-skills-amp-education-1135010
2026-07-22T11:52:30.287760+00:00,1135036,2026-07-18T01:47:04+00:00,Blanco Silva Consultor횄짯a Inform횄징tica - BSCI -,Asistente Administrativo,microsoft; excel; non tech,3,"Comunidad El 횄혟xito, ",0,0,https://remoteOK.com/remote-jobs/remote-asistente-administrativo-blanco-silva-consultoria-informatica-bsci-1135036
2026-07-22T11:52:30.287760+00:00,1135047,2026-07-18T01:37:11+00:00,Accor,Plumber,customer support; exec,2,"Greater Vijayawada District, ",0,0,https://remoteOK.com/remote-jobs/remote-plumber-accor-1135047
2026-07-22T11:52:30.287760+00:00,1135016,2026-07-17T22:48:40+00:00,ren,UGC Creator,sys admin; supervisor; customer support; testing; finance; education; microsoft; exec; ops; golang; medical; full time; video; content writing,14,San Francisco Bay Area,0,0,https://remoteOK.com/remote-jobs/remote-ugc-creator-ren-1135016
2026-07-22T11:52:30.287760+00:00,1135004,2026-07-17T21:22:33+00:00,Travelopia,Yacht Cleaner,technical; exec; ruby; ops; excel,5,"Nassau, ",0,0,https://remoteOK.com/remote-jobs/remote-yacht-cleaner-travelopia-1135004
2026-07-22T11:52:30.287760+00:00,1135023,2026-07-17T21:13:52+00:00,Casin횄짼 Lugano SA,Addetto a Customer Service,game dev; microsoft; full time,3,"Lugano, ",0,0,https://remoteOK.com/remote-jobs/remote-addetto-a-customer-service-casino-lugano-sa-1135023
2026-07-22T11:52:30.287760+00:00,1134999,2026-07-17T21:10:05+00:00,Empathy,Care Specialist,education; customer support; marketing; speech; finance; c; exec; senior; ops; excel; medical; full time,12,"San Francisco, San Francisco, California, United States",0,0,https://remoteOK.com/remote-jobs/remote-care-specialist-empathy-1134999
2026-07-22T11:52:30.287760+00:00,1135057,2026-07-17T19:19:54+00:00,City of Campbell River,Fire Dispatcher,exec; engineer,2,"Campbell River, ",0,0,https://remoteOK.com/remote-jobs/remote-fire-dispatcher-city-of-campbell-river-1135057
2026-07-22T11:52:30.287760+00:00,1134996,2026-07-17T18:07:48+00:00,Orchestrate Consulting Group,Patient Access Scheduler Centralized Scheduling FT 8 30A 5P,virtual assistant; marketing; exec; content writing; social media; speech; education; technical; customer support; video; medical; design; ads; digital nomad; consulting,15,"Los Angeles, ",0,0,https://remoteOK.com/remote-jobs/remote-patient-access-scheduler-centralized-scheduling-ft-8-30a-5p-orchestrate-consulting-group-1134996
2026-07-22T11:52:30.287760+00:00,1134993,2026-07-17T17:23:45+00:00,OnlineJobs.PH,Social Media Assistant Instagram,virtual assistant; marketing; exec; content writing; social media,5,"Media, ",0,0,https://remoteOK.com/remote-jobs/remote-social-media-assistant-instagram-onlinejobs-ph-1134993
2026-07-22T11:52:30.287760+00:00,1134994,2026-07-17T17:23:21+00:00,Gritter Francona,Voice Actor,virtual assistant; marketing; exec; content writing; social media; speech; education; technical; customer support; video; medical,11,"Florida, Florida, United States",0,0,https://remoteOK.com/remote-jobs/remote-voice-actor-gritter-francona-1134994
2026-07-22T11:52:30.287760+00:00,1135001,2026-07-17T17:02:37+00:00,Gritter Francona,Videographer,education; customer support; marketing; speech; finance; c; exec; senior; ops; excel; medical; full time; sys admin; travel; microsoft; content writing; sales; technical; video; ads,20,"Florida, Florida, United States",0,0,https://remoteOK.com/remote-jobs/remote-videographer-gritter-francona-1135001
